Nama Minuman,Jenis,Gula (g),Kalori,Status Sehat
Kopi her,Jus,15,234,Tidak Sehat
Soda indicate,Teh,36,6,Tidak Sehat
Soda professional,Jus,23,27,Sehat
Jus occur,Teh,17,193,Sehat
Jus attention,Kopi,30,184,Tidak Sehat
Kopi play,Kopi,19,214,Tidak Sehat
Soda market,Soda,22,224,Tidak Sehat
Teh change,Teh,8,10,Sehat
Teh necessary,Teh,35,145,Tidak Sehat
Teh wind,Jus,22,70,Sehat
Teh so,Air Mineral,30,142,Sehat
Soda officer,Air Mineral,4,45,Sehat
Kopi chair,Teh,39,144,Tidak Sehat
Teh property,Soda,28,199,Tidak Sehat
Kopi rich,Teh,28,149,Tidak Sehat
Jus director,Soda,22,46,Tidak Sehat
Teh Congress,Kopi,13,77,Tidak Sehat
Teh treat,Soda,18,173,Tidak Sehat
Teh house,Jus,39,85,Sehat
Teh end,Jus,10,81,Tidak Sehat
Soda include,Jus,11,23,Sehat
Teh example,Teh,22,13,Tidak Sehat
Soda explain,Jus,36,200,Tidak Sehat
Teh ground,Kopi,13,181,Sehat
Jus view,Kopi,37,198,Tidak Sehat
Air Mineral pick,Air Mineral,9,35,Sehat
Kopi degree,Soda,7,25,Tidak Sehat
Jus understand,Kopi,26,242,Sehat
Soda subject,Kopi,17,219,Sehat
Jus similar,Jus,37,246,Sehat
Air Mineral feeling,Kopi,18,9,Tidak Sehat
Air Mineral education,Soda,2,59,Sehat
Air Mineral design,Teh,17,111,Sehat
Soda large,Teh,6,178,Tidak Sehat
Air Mineral parent,Teh,9,120,Tidak Sehat
Air Mineral break,Kopi,19,57,Sehat
Air Mineral protect,Air Mineral,14,240,Tidak Sehat
Soda time,Air Mineral,40,23,Sehat
Teh outside,Kopi,9,221,Tidak Sehat
Teh red,Kopi,38,193,Sehat
Kopi man,Soda,15,32,Tidak Sehat
Teh any,Jus,14,96,Tidak Sehat
Kopi standard,Soda,18,45,Sehat
Kopi environmental,Kopi,26,21,Tidak Sehat
Soda part,Air Mineral,29,160,Sehat
Jus wall,Teh,19,114,Tidak Sehat
Soda girl,Kopi,4,35,Sehat
Kopi four,Soda,28,214,Sehat
Kopi appear,Air Mineral,28,247,Tidak Sehat
Air Mineral big,Kopi,14,76,Tidak Sehat
Kopi color,Air Mineral,10,82,Sehat
Jus response,Soda,19,118,Tidak Sehat
Soda chance,Jus,3,163,Sehat
Soda beautiful,Soda,33,164,Sehat
Jus relate,Teh,3,79,Sehat
Teh fight,Kopi,34,31,Sehat
Air Mineral company,Jus,13,132,Tidak Sehat
Kopi democratic,Air Mineral,10,189,Tidak Sehat
Soda they,Air Mineral,26,239,Tidak Sehat
Jus throughout,Kopi,4,45,Tidak Sehat
Jus scientist,Teh,6,119,Tidak Sehat
Air Mineral key,Soda,17,181,Sehat
Air Mineral risk,Jus,11,207,Sehat
Kopi visit,Kopi,4,205,Sehat
Jus successful,Kopi,15,120,Tidak Sehat
Jus challenge,Air Mineral,22,179,Tidak Sehat
Jus we,Jus,18,164,Tidak Sehat
Jus describe,Teh,39,13,Sehat
Jus course,Soda,18,29,Sehat
Teh expect,Teh,6,60,Tidak Sehat
Air Mineral same,Air Mineral,30,49,Sehat
Soda research,Teh,35,211,Sehat
Jus ask,Jus,8,200,Tidak Sehat
Teh budget,Teh,37,55,Sehat
Soda change,Kopi,22,208,Sehat
Teh leg,Kopi,20,188,Tidak Sehat
Kopi who,Air Mineral,1,219,Sehat
Kopi experience,Teh,36,21,Tidak Sehat
Soda option,Teh,16,186,Sehat
Air Mineral power,Jus,37,162,Tidak Sehat
Jus tonight,Air Mineral,34,129,Sehat
Soda movie,Air Mineral,40,49,Sehat
Soda system,Soda,6,51,Tidak Sehat
Teh view,Jus,33,60,Tidak Sehat
Jus Mrs,Teh,25,249,Sehat
Soda note,Jus,31,44,Tidak Sehat
Teh sing,Kopi,33,185,Sehat
Kopi other,Air Mineral,24,132,Sehat
Soda find,Air Mineral,10,92,Tidak Sehat
Teh election,Soda,20,54,Sehat
Teh treat,Jus,7,215,Sehat
Kopi degree,Air Mineral,6,18,Sehat
Teh pattern,Air Mineral,26,240,Sehat
Teh major,Teh,36,104,Sehat
Soda along,Kopi,0,49,Tidak Sehat
Air Mineral bad,Air Mineral,25,164,Sehat
Jus crime,Teh,5,33,Tidak Sehat
Jus guy,Kopi,14,103,Sehat
Teh responsibility,Soda,4,160,Sehat
Soda me,Soda,5,44,Tidak Sehat
Teh around,Teh,20,56,Tidak Sehat
Air Mineral detail,Air Mineral,11,117,Tidak Sehat
Teh benefit,Jus,20,22,Tidak Sehat
Soda gas,Air Mineral,37,178,Tidak Sehat
Soda certain,Soda,12,34,Sehat
Kopi travel,Jus,34,12,Tidak Sehat
Kopi beyond,Teh,21,152,Tidak Sehat
Kopi region,Air Mineral,10,6,Sehat
Kopi response,Teh,39,244,Sehat
Teh board,Air Mineral,33,214,Tidak Sehat
Air Mineral figure,Jus,18,38,Sehat
Jus feel,Kopi,32,205,Sehat
Teh break,Jus,31,1,Sehat
Soda still,Jus,5,13,Tidak Sehat
Teh same,Kopi,11,130,Tidak Sehat
Soda down,Air Mineral,25,172,Sehat
Teh young,Air Mineral,4,225,Sehat
Air Mineral kid,Teh,9,13,Tidak Sehat
Jus product,Teh,16,49,Sehat
Teh radio,Kopi,2,154,Tidak Sehat
Soda miss,Kopi,14,115,Tidak Sehat
Jus mean,Teh,26,9,Sehat
Air Mineral believe,Teh,31,112,Tidak Sehat
Soda democratic,Jus,14,121,Sehat
Teh chance,Kopi,6,91,Tidak Sehat
Kopi situation,Kopi,22,7,Sehat
Air Mineral away,Soda,26,8,Tidak Sehat
Jus war,Air Mineral,5,27,Sehat
Kopi treatment,Teh,39,197,Tidak Sehat
Soda will,Kopi,2,130,Tidak Sehat
Soda fund,Teh,4,86,Tidak Sehat
Teh audience,Air Mineral,23,191,Sehat
Air Mineral your,Soda,16,93,Sehat
Soda understand,Jus,8,204,Tidak Sehat
Soda hit,Air Mineral,18,191,Tidak Sehat
Teh face,Air Mineral,28,244,Sehat
Kopi serious,Kopi,22,198,Sehat
Air Mineral again,Teh,6,64,Sehat
Kopi kitchen,Jus,37,43,Tidak Sehat
Kopi personal,Air Mineral,13,160,Tidak Sehat
Teh force,Teh,19,193,Sehat
Soda send,Soda,8,160,Tidak Sehat
Air Mineral ok,Jus,24,26,Tidak Sehat
Soda social,Air Mineral,39,18,Tidak Sehat
Air Mineral college,Kopi,1,52,Sehat
Kopi might,Teh,4,59,Sehat
Jus agent,Soda,27,8,Tidak Sehat
Teh identify,Kopi,14,72,Sehat
Air Mineral stop,Jus,13,228,Tidak Sehat
Soda election,Kopi,16,121,Sehat
Jus together,Jus,20,31,Tidak Sehat
Air Mineral paper,Air Mineral,38,77,Sehat
Teh remember,Jus,26,227,Sehat
Jus space,Kopi,29,110,Tidak Sehat
Teh follow,Jus,21,12,Tidak Sehat
Kopi author,Air Mineral,24,92,Tidak Sehat
Kopi community,Teh,1,146,Sehat
Soda up,Kopi,6,249,Tidak Sehat
Teh home,Soda,7,17,Sehat
Kopi church,Air Mineral,13,250,Tidak Sehat
Jus show,Kopi,28,159,Tidak Sehat
Teh represent,Soda,23,124,Sehat
Teh official,Soda,31,115,Tidak Sehat
Kopi green,Kopi,36,12,Tidak Sehat
Teh pass,Kopi,20,34,Sehat
Soda full,Air Mineral,10,224,Sehat
Jus single,Air Mineral,27,19,Tidak Sehat
Jus environment,Soda,35,115,Sehat
Soda computer,Kopi,12,151,Tidak Sehat
Soda figure,Teh,14,87,Sehat
Jus fast,Teh,33,125,Tidak Sehat
Teh open,Teh,19,74,Sehat
Jus we,Jus,9,30,Sehat
Teh culture,Air Mineral,12,244,Tidak Sehat
Air Mineral worker,Air Mineral,40,131,Sehat
Kopi much,Jus,26,151,Tidak Sehat
Kopi personal,Jus,26,157,Sehat
Kopi continue,Kopi,34,53,Sehat
Air Mineral four,Air Mineral,21,71,Sehat
Kopi thousand,Soda,16,73,Sehat
Teh central,Air Mineral,1,63,Sehat
Kopi care,Air Mineral,7,248,Sehat
Soda responsibility,Air Mineral,25,44,Sehat
Teh common,Kopi,26,173,Sehat
Kopi kind,Kopi,40,170,Sehat
Air Mineral person,Kopi,0,191,Sehat
Teh decision,Jus,13,13,Tidak Sehat
Jus second,Soda,34,229,Tidak Sehat
Kopi stage,Jus,6,192,Sehat
Kopi already,Jus,22,145,Sehat
Jus process,Teh,31,188,Sehat
Air Mineral order,Soda,15,24,Sehat
Kopi where,Jus,12,169,Sehat
Air Mineral treat,Kopi,23,147,Sehat
Air Mineral so,Teh,0,166,Tidak Sehat
Soda unit,Jus,14,176,Tidak Sehat
Kopi water,Jus,20,62,Sehat
Air Mineral common,Jus,36,42,Sehat
Kopi threat,Air Mineral,5,117,Tidak Sehat
Jus bar,Teh,38,105,Tidak Sehat
Jus trial,Kopi,9,111,Tidak Sehat
Jus near,Teh,39,244,Tidak Sehat
Air Mineral hold,Soda,35,89,Sehat
Kopi account,Kopi,22,41,Sehat
Kopi economic,Soda,25,165,Sehat
Air Mineral yourself,Teh,16,54,Sehat
Jus station,Soda,38,218,Sehat
Air Mineral field,Kopi,33,194,Tidak Sehat
Air Mineral conference,Kopi,5,42,Sehat
Air Mineral rich,Air Mineral,30,33,Tidak Sehat
Teh grow,Air Mineral,17,129,Sehat
Kopi yeah,Kopi,1,22,Sehat
Kopi impact,Soda,10,133,Sehat
Teh foreign,Soda,18,132,Sehat
Air Mineral rest,Air Mineral,36,236,Tidak Sehat
Kopi language,Air Mineral,29,90,Tidak Sehat
Jus above,Teh,7,18,Tidak Sehat
Teh want,Kopi,21,141,Tidak Sehat
Jus rather,Jus,24,102,Sehat
Teh some,Jus,16,119,Sehat
Jus risk,Air Mineral,6,133,Tidak Sehat
Kopi every,Air Mineral,24,118,Sehat
Kopi plan,Air Mineral,3,0,Tidak Sehat
Jus a,Kopi,38,211,Sehat
Teh heart,Jus,2,241,Sehat
Jus smile,Air Mineral,1,123,Sehat
Air Mineral name,Air Mineral,16,231,Tidak Sehat
Kopi long,Kopi,35,174,Tidak Sehat
Teh see,Jus,19,121,Sehat
Teh sister,Kopi,33,234,Sehat
Teh skin,Air Mineral,35,178,Tidak Sehat
Kopi author,Soda,2,93,Tidak Sehat
Jus who,Kopi,12,1,Sehat
Teh concern,Teh,24,143,Sehat
Soda office,Teh,15,55,Tidak Sehat
Kopi sit,Teh,2,148,Sehat
Jus management,Jus,38,25,Tidak Sehat
Teh vote,Soda,40,119,Tidak Sehat
Soda eye,Jus,1,110,Tidak Sehat
Soda then,Jus,34,106,Sehat
Kopi model,Teh,35,101,Sehat
Air Mineral sell,Soda,2,208,Tidak Sehat
Kopi gun,Air Mineral,24,228,Sehat
Jus between,Kopi,25,119,Sehat
Jus authority,Kopi,13,12,Sehat
Teh fine,Soda,21,33,Sehat
Soda know,Air Mineral,30,238,Tidak Sehat
Jus executive,Jus,20,104,Tidak Sehat
Jus suggest,Air Mineral,23,99,Tidak Sehat
Teh candidate,Kopi,18,107,Tidak Sehat
Teh garden,Air Mineral,38,143,Tidak Sehat
Jus difficult,Soda,9,125,Sehat
Air Mineral else,Teh,8,147,Tidak Sehat
Jus sit,Jus,2,97,Tidak Sehat
Kopi concern,Air Mineral,27,157,Sehat
Air Mineral feeling,Soda,2,129,Sehat
Air Mineral maintain,Kopi,7,183,Tidak Sehat
Kopi poor,Teh,24,52,Tidak Sehat
Soda fast,Air Mineral,26,222,Tidak Sehat
Soda defense,Teh,5,206,Sehat
Soda keep,Soda,7,105,Sehat
Soda investment,Teh,16,186,Sehat
Air Mineral treat,Air Mineral,7,175,Sehat
Kopi between,Soda,15,148,Tidak Sehat
Jus if,Soda,4,148,Sehat
Air Mineral quality,Teh,23,247,Sehat
Air Mineral suddenly,Kopi,2,95,Sehat
Kopi accept,Teh,7,202,Tidak Sehat
Soda need,Teh,6,130,Sehat
Teh apply,Soda,12,94,Sehat
Air Mineral floor,Kopi,17,193,Sehat
Teh traditional,Teh,26,250,Tidak Sehat
Air Mineral court,Teh,0,3,Tidak Sehat
Kopi crime,Kopi,34,129,Tidak Sehat
Jus phone,Air Mineral,35,152,Tidak Sehat
Teh opportunity,Teh,12,89,Tidak Sehat
Kopi good,Soda,17,83,Tidak Sehat
Kopi so,Kopi,40,183,Tidak Sehat
Kopi weight,Kopi,19,129,Sehat
Soda party,Jus,12,171,Tidak Sehat
Kopi turn,Soda,8,114,Tidak Sehat
Jus but,Soda,17,221,Sehat
Soda specific,Soda,9,93,Sehat
Air Mineral structure,Soda,38,66,Tidak Sehat
Teh per,Jus,28,10,Tidak Sehat
Teh southern,Air Mineral,14,158,Sehat
Soda rise,Kopi,0,174,Tidak Sehat
Soda move,Teh,2,237,Tidak Sehat
Kopi line,Teh,17,54,Tidak Sehat
Air Mineral child,Air Mineral,26,225,Sehat
Air Mineral forward,Air Mineral,15,125,Tidak Sehat
Jus final,Soda,20,13,Sehat
Air Mineral unit,Air Mineral,15,140,Sehat
Jus player,Air Mineral,34,4,Tidak Sehat
Air Mineral best,Jus,10,142,Sehat
Teh out,Jus,34,25,Tidak Sehat
Teh speak,Soda,1,19,Tidak Sehat
Kopi difference,Teh,6,96,Sehat
Soda nor,Air Mineral,26,38,Sehat
Teh value,Air Mineral,37,143,Tidak Sehat
Air Mineral agree,Teh,27,133,Sehat
Kopi note,Teh,15,124,Tidak Sehat
Teh area,Teh,1,89,Tidak Sehat
Air Mineral edge,Jus,8,155,Tidak Sehat
Jus others,Jus,22,136,Sehat
Soda lawyer,Teh,26,132,Tidak Sehat
Air Mineral single,Soda,19,208,Tidak Sehat
Kopi recent,Jus,7,150,Tidak Sehat
Air Mineral general,Air Mineral,0,140,Tidak Sehat
Jus much,Jus,4,41,Sehat
Soda term,Kopi,13,29,Sehat
Kopi collection,Soda,40,198,Tidak Sehat
Teh change,Jus,31,133,Sehat
Soda particular,Kopi,11,155,Sehat
Jus year,Kopi,9,138,Tidak Sehat
Kopi visit,Kopi,21,154,Tidak Sehat
Soda issue,Teh,3,236,Tidak Sehat
Teh think,Kopi,7,81,Tidak Sehat
Kopi size,Soda,32,207,Tidak Sehat
Soda stage,Kopi,2,209,Tidak Sehat
Kopi least,Kopi,40,237,Sehat
Kopi how,Kopi,5,110,Sehat
Air Mineral police,Air Mineral,38,144,Sehat
Teh important,Air Mineral,6,244,Sehat
Jus position,Kopi,11,104,Tidak Sehat
Air Mineral fish,Soda,27,89,Tidak Sehat
Teh ever,Kopi,30,90,Tidak Sehat
Jus region,Soda,23,170,Sehat
Jus tend,Jus,2,114,Tidak Sehat
Air Mineral deep,Kopi,13,207,Tidak Sehat
Jus different,Soda,16,184,Tidak Sehat
Kopi rock,Teh,31,228,Sehat
Jus everyone,Air Mineral,31,247,Tidak Sehat
Air Mineral world,Jus,27,217,Sehat
Jus happen,Teh,28,157,Tidak Sehat
Teh them,Jus,3,78,Tidak Sehat
Teh number,Kopi,1,227,Sehat
Soda conference,Soda,37,123,Sehat
Teh crime,Air Mineral,12,147,Sehat
Kopi space,Air Mineral,6,229,Sehat
Jus political,Jus,19,109,Tidak Sehat
Soda science,Soda,38,210,Sehat
Teh already,Soda,33,77,Tidak Sehat
Kopi radio,Air Mineral,31,173,Tidak Sehat
Teh only,Teh,16,102,Tidak Sehat
Jus detail,Air Mineral,27,33,Tidak Sehat
Air Mineral social,Soda,27,182,Tidak Sehat
Soda third,Kopi,18,2,Sehat
Jus speak,Teh,0,53,Sehat
Air Mineral spend,Kopi,29,150,Sehat
Air Mineral really,Kopi,14,74,Tidak Sehat
Kopi always,Soda,5,122,Tidak Sehat
Soda ever,Jus,37,14,Sehat
Jus point,Teh,7,187,Tidak Sehat
Jus these,Teh,37,40,Tidak Sehat
Kopi key,Jus,31,231,Sehat
Air Mineral walk,Kopi,31,165,Sehat
Jus unit,Teh,31,143,Sehat
Jus situation,Soda,7,210,Tidak Sehat
Soda shoulder,Kopi,27,205,Sehat
Air Mineral because,Teh,23,0,Sehat
Kopi together,Air Mineral,30,188,Tidak Sehat
Teh mean,Teh,27,88,Tidak Sehat
Soda adult,Soda,22,156,Tidak Sehat
Air Mineral world,Jus,30,103,Sehat
Air Mineral development,Kopi,32,231,Sehat
Teh what,Teh,1,18,Sehat
Teh organization,Air Mineral,37,82,Tidak Sehat
Soda reflect,Jus,17,44,Sehat
Air Mineral door,Jus,23,149,Tidak Sehat
Soda arrive,Air Mineral,19,106,Tidak Sehat
Teh check,Soda,3,156,Tidak Sehat
Air Mineral consider,Teh,17,208,Sehat
Air Mineral good,Air Mineral,13,214,Tidak Sehat
Teh management,Jus,31,142,Sehat
Kopi those,Soda,16,38,Tidak Sehat
Jus hour,Air Mineral,36,42,Tidak Sehat
Kopi behind,Teh,15,35,Tidak Sehat
Air Mineral order,Air Mineral,32,216,Tidak Sehat
Teh mother,Kopi,28,11,Sehat
Jus eye,Soda,9,120,Sehat
Kopi these,Soda,27,111,Tidak Sehat
Teh increase,Jus,36,71,Sehat
Jus bad,Kopi,15,161,Sehat
Soda moment,Teh,2,137,Sehat
Soda television,Soda,2,139,Tidak Sehat
Air Mineral get,Jus,0,124,Tidak Sehat
Jus five,Kopi,9,42,Sehat
Jus may,Air Mineral,35,99,Tidak Sehat
Air Mineral leave,Kopi,34,110,Sehat
Jus heavy,Soda,33,11,Sehat
Air Mineral decision,Teh,30,26,Tidak Sehat
Teh particular,Soda,25,152,Tidak Sehat
Jus walk,Teh,28,96,Tidak Sehat
Kopi government,Teh,2,245,Sehat
Soda thousand,Teh,17,212,Sehat
Jus seat,Teh,16,67,Tidak Sehat
Soda friend,Jus,18,241,Tidak Sehat
Teh investment,Kopi,30,220,Sehat
Kopi section,Kopi,36,151,Sehat
Jus in,Soda,36,72,Tidak Sehat
Teh race,Teh,31,116,Sehat
Kopi avoid,Air Mineral,9,76,Sehat
Jus region,Teh,7,99,Sehat
Kopi seem,Soda,8,44,Sehat
Jus enough,Jus,14,36,Tidak Sehat
Soda quality,Teh,17,139,Sehat
Teh painting,Teh,24,210,Sehat
Teh artist,Kopi,7,15,Tidak Sehat
Soda agent,Soda,33,81,Tidak Sehat
Teh Republican,Air Mineral,3,130,Tidak Sehat
Air Mineral cup,Teh,22,126,Tidak Sehat
Air Mineral show,Jus,2,203,Sehat
Kopi participant,Kopi,17,27,Sehat
Kopi medical,Teh,24,169,Tidak Sehat
Kopi the,Air Mineral,28,133,Sehat
Kopi outside,Soda,10,68,Sehat
Air Mineral challenge,Teh,37,224,Tidak Sehat
Jus head,Air Mineral,39,86,Tidak Sehat
Jus size,Kopi,4,57,Tidak Sehat
Kopi thought,Teh,14,72,Tidak Sehat
Teh crime,Teh,20,134,Tidak Sehat
Kopi theory,Soda,32,64,Sehat
Soda deal,Kopi,39,105,Tidak Sehat
Teh understand,Soda,16,65,Tidak Sehat
Kopi from,Air Mineral,28,96,Sehat
Soda different,Jus,15,220,Tidak Sehat
Air Mineral much,Soda,5,43,Tidak Sehat
Jus something,Teh,4,171,Sehat
Air Mineral lawyer,Kopi,36,8,Tidak Sehat
Teh little,Air Mineral,17,231,Sehat
Jus high,Teh,39,178,Sehat
Jus recognize,Teh,5,116,Tidak Sehat
Kopi game,Air Mineral,9,0,Tidak Sehat
Air Mineral happy,Kopi,39,136,Tidak Sehat
Air Mineral mind,Teh,17,232,Tidak Sehat
Teh serious,Teh,26,40,Sehat
Air Mineral particularly,Teh,20,128,Sehat
Soda song,Soda,27,126,Tidak Sehat
Kopi might,Teh,19,71,Tidak Sehat
Air Mineral movie,Soda,33,1,Sehat
Kopi guess,Kopi,30,155,Sehat
Soda still,Air Mineral,32,2,Sehat
Kopi evidence,Soda,4,81,Tidak Sehat
Air Mineral school,Soda,8,242,Tidak Sehat
Soda history,Air Mineral,11,53,Tidak Sehat
Soda partner,Soda,18,76,Sehat
Teh book,Kopi,4,35,Tidak Sehat
Kopi peace,Kopi,31,107,Tidak Sehat
Air Mineral finish,Soda,27,155,Tidak Sehat
Kopi far,Teh,28,172,Tidak Sehat
Kopi thing,Teh,10,245,Tidak Sehat
Soda artist,Air Mineral,0,62,Sehat
Kopi foot,Kopi,6,170,Sehat
Soda stand,Air Mineral,34,154,Tidak Sehat
Teh opportunity,Soda,5,96,Tidak Sehat
Soda prove,Kopi,11,202,Tidak Sehat
Soda add,Kopi,19,235,Tidak Sehat
Soda art,Kopi,8,149,Tidak Sehat
Soda prepare,Jus,22,53,Sehat
Teh chance,Jus,20,68,Sehat
Kopi then,Kopi,15,48,Tidak Sehat
Kopi need,Soda,11,125,Sehat
Teh doctor,Air Mineral,0,149,Sehat
Air Mineral rest,Kopi,15,170,Sehat
Teh less,Soda,4,94,Sehat
Jus quite,Air Mineral,6,248,Sehat
Air Mineral positive,Kopi,6,21,Sehat
Kopi likely,Soda,3,62,Sehat
Teh positive,Jus,15,140,Sehat
Kopi continue,Air Mineral,9,131,Sehat
Jus person,Teh,4,233,Tidak Sehat
Soda someone,Kopi,22,72,Sehat
Teh attention,Teh,13,93,Tidak Sehat
Teh out,Teh,22,231,Tidak Sehat
Soda general,Jus,36,156,Sehat
Jus collection,Air Mineral,23,11,Sehat
Soda quality,Kopi,28,191,Sehat
Jus rock,Teh,8,236,Sehat
Teh hit,Jus,8,99,Tidak Sehat
Jus kid,Kopi,8,27,Sehat
Teh price,Soda,30,138,Sehat
Teh evening,Kopi,34,86,Tidak Sehat
Soda manager,Air Mineral,36,218,Tidak Sehat
Air Mineral late,Kopi,18,163,Tidak Sehat
Kopi think,Air Mineral,17,86,Tidak Sehat
Teh positive,Kopi,38,96,Sehat
Soda news,Teh,1,15,Sehat
Jus Mrs,Soda,21,175,Tidak Sehat
Kopi full,Soda,19,123,Sehat
Soda son,Jus,8,181,Sehat
Teh strategy,Soda,24,122,Tidak Sehat
Jus pattern,Jus,37,189,Sehat
Kopi sister,Kopi,9,16,Tidak Sehat
Jus single,Jus,9,121,Sehat
Soda blue,Soda,12,246,Sehat
Teh sure,Kopi,10,56,Tidak Sehat
Air Mineral finally,Jus,26,209,Tidak Sehat
Soda very,Air Mineral,11,143,Sehat
Kopi measure,Teh,5,191,Sehat
Kopi discover,Air Mineral,39,177,Sehat
Soda important,Kopi,12,123,Tidak Sehat
Jus toward,Teh,8,15,Sehat
Teh lead,Jus,8,29,Sehat
Soda finish,Kopi,21,147,Tidak Sehat
Teh language,Jus,10,206,Tidak Sehat
Jus sound,Teh,31,165,Tidak Sehat
Kopi operation,Soda,40,102,Tidak Sehat
Soda campaign,Kopi,25,185,Tidak Sehat
Kopi out,Teh,11,10,Tidak Sehat
Air Mineral seven,Teh,24,9,Tidak Sehat
Air Mineral economy,Jus,39,236,Tidak Sehat
Jus evening,Jus,13,207,Tidak Sehat
Soda religious,Jus,8,199,Sehat
Teh join,Jus,29,233,Sehat
Air Mineral again,Kopi,20,171,Sehat
Soda even,Jus,34,127,Tidak Sehat
Air Mineral scientist,Jus,6,92,Tidak Sehat
Teh relate,Soda,35,58,Tidak Sehat
Soda value,Teh,39,10,Sehat
Soda consider,Teh,27,164,Tidak Sehat
Jus certainly,Air Mineral,3,49,Tidak Sehat
Air Mineral garden,Kopi,30,249,Tidak Sehat
Soda book,Kopi,19,135,Tidak Sehat
Teh charge,Air Mineral,36,156,Sehat
Kopi region,Air Mineral,14,93,Tidak Sehat
Air Mineral dinner,Teh,13,213,Tidak Sehat
Soda organization,Kopi,12,55,Tidak Sehat
Air Mineral to,Teh,10,232,Tidak Sehat
Kopi Democrat,Jus,17,76,Sehat
Jus until,Jus,27,212,Tidak Sehat
Kopi minute,Air Mineral,23,154,Sehat
Kopi true,Teh,5,180,Sehat
Soda government,Teh,15,185,Tidak Sehat
Kopi amount,Kopi,1,241,Sehat
Kopi yet,Soda,24,88,Tidak Sehat
Air Mineral beyond,Air Mineral,26,91,Tidak Sehat
Air Mineral box,Jus,31,209,Sehat
Teh season,Jus,40,12,Tidak Sehat
Air Mineral store,Jus,15,181,Sehat
Soda in,Air Mineral,12,133,Sehat
Air Mineral floor,Teh,27,59,Sehat
Soda player,Teh,2,205,Sehat
Kopi less,Jus,30,171,Sehat
Soda on,Air Mineral,20,9,Sehat
Teh focus,Teh,19,28,Tidak Sehat
Soda we,Kopi,12,39,Sehat
Soda alone,Soda,15,89,Sehat
Jus top,Kopi,37,238,Tidak Sehat
Jus prepare,Air Mineral,14,218,Tidak Sehat
Teh modern,Jus,37,239,Tidak Sehat
Soda region,Teh,39,47,Sehat
Teh check,Soda,3,25,Tidak Sehat
Air Mineral major,Jus,37,134,Sehat
Air Mineral third,Soda,9,92,Tidak Sehat
Air Mineral Democrat,Air Mineral,22,117,Tidak Sehat
Kopi hope,Soda,26,203,Tidak Sehat
Air Mineral blue,Teh,26,243,Sehat
Soda miss,Teh,26,29,Tidak Sehat
Jus employee,Jus,26,144,Sehat
Jus gas,Teh,23,60,Sehat
Kopi less,Jus,2,39,Sehat
Air Mineral beat,Soda,35,1,Tidak Sehat
Jus compare,Air Mineral,17,75,Tidak Sehat
Air Mineral view,Jus,2,213,Sehat
Soda raise,Kopi,39,138,Tidak Sehat
Kopi somebody,Air Mineral,30,86,Tidak Sehat
Jus former,Soda,33,59,Sehat
Teh skill,Jus,7,50,Tidak Sehat
Air Mineral still,Soda,36,29,Sehat
Teh across,Kopi,13,28,Tidak Sehat
Air Mineral difference,Teh,6,128,Sehat
Kopi letter,Soda,2,89,Sehat
Air Mineral garden,Kopi,27,172,Tidak Sehat
Soda tax,Jus,21,143,Tidak Sehat
Air Mineral produce,Jus,29,46,Tidak Sehat
Kopi yeah,Air Mineral,12,134,Tidak Sehat
Jus their,Soda,31,53,Sehat
Soda position,Teh,7,245,Tidak Sehat
Kopi like,Jus,5,137,Tidak Sehat
Jus sign,Teh,24,233,Tidak Sehat
Kopi coach,Kopi,39,153,Sehat
Jus capital,Soda,16,156,Sehat
Jus shake,Kopi,26,22,Sehat
Kopi choose,Jus,17,87,Tidak Sehat
Teh often,Kopi,33,88,Sehat
Soda American,Air Mineral,6,55,Tidak Sehat
Jus particular,Kopi,37,216,Sehat
Kopi science,Jus,40,75,Tidak Sehat
Air Mineral stock,Kopi,36,135,Tidak Sehat
Kopi necessary,Jus,9,163,Tidak Sehat
Kopi between,Teh,10,24,Sehat
Air Mineral power,Soda,27,95,Sehat
Air Mineral company,Kopi,10,156,Tidak Sehat
Air Mineral leave,Soda,9,170,Tidak Sehat
Kopi wall,Teh,18,158,Sehat
Air Mineral chair,Kopi,8,19,Tidak Sehat
Kopi realize,Soda,40,83,Sehat
Kopi until,Air Mineral,16,169,Sehat
Air Mineral onto,Teh,16,172,Tidak Sehat
Air Mineral teacher,Kopi,7,236,Tidak Sehat
Teh task,Air Mineral,2,33,Tidak Sehat
Kopi mouth,Teh,26,117,Tidak Sehat
Jus yeah,Jus,0,173,Tidak Sehat
Soda human,Soda,5,213,Tidak Sehat
Soda nation,Teh,10,171,Sehat
Soda forget,Jus,7,218,Sehat
Soda must,Air Mineral,12,93,Tidak Sehat
Soda travel,Teh,3,83,Tidak Sehat
Kopi field,Jus,6,142,Sehat
Teh pull,Air Mineral,26,184,Sehat
Soda behavior,Teh,27,49,Sehat
Kopi step,Kopi,32,224,Tidak Sehat
Soda visit,Soda,2,200,Sehat
Teh traditional,Soda,40,37,Sehat
Air Mineral magazine,Air Mineral,37,229,Sehat
Air Mineral since,Kopi,20,65,Tidak Sehat
Kopi leader,Jus,8,104,Tidak Sehat
Kopi people,Jus,20,52,Tidak Sehat
Jus house,Teh,5,220,Sehat
Jus tough,Teh,2,4,Tidak Sehat
Soda worker,Jus,18,177,Sehat
Soda go,Air Mineral,24,25,Sehat
Teh though,Kopi,40,16,Tidak Sehat
Kopi eight,Jus,22,26,Sehat
Air Mineral might,Soda,17,30,Tidak Sehat
Soda foreign,Teh,27,110,Tidak Sehat
Jus money,Kopi,5,169,Tidak Sehat
Air Mineral catch,Air Mineral,12,1,Tidak Sehat
Soda major,Teh,3,242,Sehat
Soda rock,Jus,2,144,Sehat
Jus action,Teh,17,154,Sehat
Soda respond,Jus,21,139,Sehat
Jus get,Teh,7,193,Sehat
Jus along,Jus,32,86,Tidak Sehat
Air Mineral message,Teh,13,221,Sehat
Kopi carry,Teh,28,11,Tidak Sehat
Air Mineral condition,Kopi,27,2,Sehat
Soda compare,Air Mineral,35,142,Tidak Sehat
Teh tonight,Soda,6,25,Tidak Sehat
Kopi Republican,Kopi,13,131,Tidak Sehat
Jus try,Jus,27,19,Sehat
Soda stop,Jus,18,0,Tidak Sehat
Air Mineral explain,Jus,22,84,Tidak Sehat
Kopi support,Kopi,3,247,Sehat
Kopi enter,Air Mineral,10,14,Tidak Sehat
Teh outside,Air Mineral,12,118,Tidak Sehat
Soda trial,Air Mineral,37,113,Sehat
Kopi anything,Teh,40,110,Sehat
Teh knowledge,Jus,13,237,Sehat
Jus partner,Teh,35,213,Tidak Sehat
Kopi state,Teh,35,128,Tidak Sehat
Teh responsibility,Kopi,36,110,Tidak Sehat
Air Mineral second,Soda,0,117,Sehat
Teh red,Air Mineral,11,115,Tidak Sehat
Air Mineral own,Air Mineral,38,195,Tidak Sehat
Teh music,Teh,40,40,Sehat
Air Mineral consider,Teh,38,241,Tidak Sehat
Soda idea,Kopi,14,101,Sehat
Air Mineral class,Teh,35,135,Tidak Sehat
Jus organization,Teh,32,189,Tidak Sehat
Kopi fact,Jus,4,219,Sehat
Teh structure,Soda,3,213,Sehat
Air Mineral future,Kopi,30,219,Sehat
Soda among,Kopi,7,34,Tidak Sehat
Air Mineral hair,Soda,27,117,Tidak Sehat
Kopi most,Air Mineral,31,13,Tidak Sehat
Air Mineral water,Soda,39,208,Tidak Sehat
Soda scene,Air Mineral,32,5,Tidak Sehat
Kopi step,Jus,39,116,Tidak Sehat
Jus social,Jus,29,210,Tidak Sehat
Teh population,Teh,12,208,Sehat
Air Mineral top,Kopi,1,218,Tidak Sehat
Jus tax,Teh,11,15,Tidak Sehat
Jus appear,Soda,22,124,Sehat
Kopi upon,Air Mineral,22,68,Tidak Sehat
Kopi human,Jus,40,145,Sehat
Soda add,Kopi,29,191,Sehat
Kopi environment,Air Mineral,0,132,Sehat
Kopi pressure,Kopi,7,186,Tidak Sehat
Kopi south,Air Mineral,3,77,Tidak Sehat
Jus easy,Jus,7,30,Tidak Sehat
Kopi career,Soda,24,12,Sehat
Kopi fund,Air Mineral,0,136,Sehat
Teh series,Air Mineral,27,233,Tidak Sehat
Jus off,Jus,12,246,Sehat
Kopi wall,Jus,17,15,Sehat
Teh property,Soda,26,16,Sehat
Kopi region,Air Mineral,36,142,Sehat
Soda resource,Teh,32,2,Sehat
Teh color,Jus,13,137,Tidak Sehat
Teh spend,Air Mineral,26,101,Tidak Sehat
Jus different,Air Mineral,31,13,Tidak Sehat
Soda marriage,Air Mineral,6,42,Tidak Sehat
Air Mineral science,Soda,31,98,Sehat
Soda have,Jus,32,61,Sehat
Soda wait,Air Mineral,18,219,Sehat
Jus win,Teh,4,120,Sehat
Air Mineral attack,Air Mineral,22,7,Tidak Sehat
Air Mineral none,Soda,22,142,Tidak Sehat
Jus ever,Air Mineral,33,140,Tidak Sehat
Jus economy,Teh,20,236,Sehat
Kopi right,Soda,32,22,Sehat
Air Mineral Mrs,Soda,22,228,Tidak Sehat
Jus think,Kopi,13,137,Sehat
Kopi daughter,Kopi,4,27,Tidak Sehat
Air Mineral fast,Air Mineral,0,230,Tidak Sehat
Jus fly,Air Mineral,13,193,Tidak Sehat
Jus give,Soda,40,26,Sehat
Kopi because,Jus,16,161,Sehat
Air Mineral small,Air Mineral,14,189,Tidak Sehat
Soda blood,Soda,13,91,Sehat
Kopi door,Jus,24,228,Sehat
Air Mineral eye,Kopi,22,192,Sehat
Jus pass,Soda,19,143,Sehat
Air Mineral lawyer,Soda,40,167,Tidak Sehat
Jus eat,Air Mineral,10,218,Sehat
Jus look,Soda,8,223,Sehat
Teh per,Soda,34,129,Tidak Sehat
Soda particularly,Air Mineral,15,244,Sehat
Soda network,Jus,38,32,Tidak Sehat
Air Mineral practice,Soda,19,212,Tidak Sehat
Jus media,Teh,26,236,Tidak Sehat
Jus point,Teh,0,10,Tidak Sehat
Teh specific,Jus,11,40,Sehat
Jus age,Jus,20,180,Sehat
Kopi continue,Kopi,15,199,Sehat
Teh apply,Soda,35,227,Sehat
Teh need,Air Mineral,3,38,Tidak Sehat
Jus color,Air Mineral,24,20,Tidak Sehat
Soda believe,Soda,7,108,Tidak Sehat
Air Mineral check,Kopi,0,30,Tidak Sehat
Air Mineral radio,Jus,29,97,Sehat
Soda fine,Soda,38,14,Tidak Sehat
Jus body,Air Mineral,32,61,Tidak Sehat
Soda certainly,Jus,36,119,Sehat
Soda management,Kopi,6,174,Tidak Sehat
Teh enjoy,Teh,10,63,Sehat
Air Mineral soon,Jus,11,86,Sehat
Teh machine,Soda,23,63,Tidak Sehat
Kopi religious,Kopi,9,88,Tidak Sehat
Air Mineral someone,Teh,4,168,Tidak Sehat
Soda rule,Jus,13,107,Sehat
Soda sign,Teh,5,108,Tidak Sehat
Kopi conference,Soda,17,37,Sehat
Kopi seek,Soda,23,45,Sehat
Air Mineral pull,Kopi,19,168,Tidak Sehat
Soda same,Air Mineral,27,29,Tidak Sehat
Teh position,Air Mineral,29,82,Tidak Sehat
Air Mineral especially,Soda,17,249,Sehat
Soda may,Teh,26,192,Tidak Sehat
Kopi image,Jus,17,36,Sehat
Kopi call,Teh,36,108,Tidak Sehat
Kopi idea,Air Mineral,19,233,Sehat
Air Mineral hard,Jus,3,222,Sehat
Teh water,Teh,32,24,Sehat
Kopi there,Air Mineral,31,223,Sehat
Teh help,Kopi,33,8,Tidak Sehat
Air Mineral next,Soda,2,77,Tidak Sehat
Air Mineral trial,Jus,31,29,Tidak Sehat
Kopi as,Teh,28,1,Sehat
Air Mineral attorney,Soda,20,155,Tidak Sehat
Soda hotel,Kopi,30,13,Tidak Sehat
Air Mineral machine,Air Mineral,0,229,Sehat
Air Mineral property,Air Mineral,18,161,Sehat
Kopi very,Air Mineral,12,127,Sehat
Soda herself,Air Mineral,28,70,Sehat
Air Mineral see,Teh,25,237,Tidak Sehat
Teh base,Teh,3,209,Tidak Sehat
Jus painting,Soda,12,193,Sehat
Jus huge,Kopi,26,93,Tidak Sehat
Air Mineral national,Jus,23,20,Tidak Sehat
Air Mineral everyone,Soda,6,4,Tidak Sehat
Jus conference,Jus,35,26,Tidak Sehat
Soda region,Jus,11,0,Sehat
Jus raise,Soda,19,173,Sehat
Jus top,Soda,18,54,Sehat
Jus ago,Kopi,37,129,Sehat
Soda purpose,Soda,11,65,Sehat
Teh protect,Soda,0,119,Sehat
Teh box,Teh,15,130,Tidak Sehat
Soda card,Teh,22,67,Sehat
Jus allow,Teh,33,194,Tidak Sehat
Soda new,Jus,18,97,Sehat
Soda trip,Kopi,15,49,Tidak Sehat
Soda six,Teh,4,25,Tidak Sehat
Air Mineral arrive,Jus,36,141,Tidak Sehat
Jus create,Kopi,34,199,Sehat
Jus notice,Teh,13,111,Tidak Sehat
Kopi lead,Kopi,35,7,Sehat
Soda heavy,Teh,3,180,Sehat
Teh pressure,Air Mineral,18,132,Sehat
Jus cut,Kopi,5,40,Sehat
Air Mineral beat,Teh,30,22,Tidak Sehat
Jus standard,Kopi,27,114,Tidak Sehat
Air Mineral race,Air Mineral,5,192,Sehat
Teh fish,Kopi,7,54,Sehat
Jus hotel,Jus,8,24,Sehat
Kopi sound,Teh,34,32,Tidak Sehat
Air Mineral happy,Air Mineral,8,97,Sehat
Jus be,Air Mineral,6,105,Sehat
Air Mineral language,Jus,17,168,Tidak Sehat
Air Mineral house,Air Mineral,8,68,Tidak Sehat
Kopi upon,Air Mineral,38,213,Sehat
Soda special,Teh,27,75,Tidak Sehat
Air Mineral woman,Jus,32,185,Sehat
Teh both,Kopi,20,160,Sehat
Teh deep,Teh,7,217,Sehat
Soda when,Kopi,20,185,Sehat
Soda dinner,Soda,35,74,Sehat
Air Mineral fund,Jus,40,136,Sehat
Soda rather,Soda,32,141,Tidak Sehat
Teh its,Jus,34,218,Sehat
Kopi raise,Air Mineral,12,51,Sehat
Soda without,Jus,35,244,Tidak Sehat
Air Mineral sort,Jus,12,42,Sehat
Air Mineral center,Kopi,40,183,Sehat
Kopi employee,Jus,20,145,Tidak Sehat
Air Mineral range,Teh,18,138,Tidak Sehat
Jus color,Jus,25,141,Sehat
Air Mineral foreign,Teh,21,68,Tidak Sehat
Soda every,Teh,40,198,Tidak Sehat
Jus discover,Jus,27,183,Tidak Sehat
Teh back,Air Mineral,22,152,Tidak Sehat
Jus enter,Kopi,37,43,Sehat
Jus wide,Jus,26,183,Sehat
Teh authority,Air Mineral,16,92,Tidak Sehat
Teh capital,Teh,30,115,Sehat
Jus reflect,Teh,10,204,Sehat
Jus recognize,Kopi,20,180,Tidak Sehat
Kopi recognize,Kopi,32,40,Tidak Sehat
Jus fire,Teh,6,124,Tidak Sehat
Kopi nice,Air Mineral,30,115,Tidak Sehat
Soda morning,Kopi,17,231,Sehat
Teh plan,Teh,30,113,Sehat
Jus economy,Jus,39,72,Tidak Sehat
Teh here,Air Mineral,33,132,Sehat
Kopi have,Teh,20,179,Sehat
Teh drop,Air Mineral,29,23,Sehat
Air Mineral focus,Teh,30,182,Sehat
Jus summer,Soda,24,26,Tidak Sehat
Teh contain,Kopi,32,148,Tidak Sehat
Soda couple,Kopi,20,184,Sehat
Teh need,Teh,24,210,Tidak Sehat
Teh land,Jus,5,5,Sehat
Jus enter,Soda,26,193,Tidak Sehat
Kopi expert,Kopi,28,212,Tidak Sehat
Air Mineral important,Jus,34,155,Sehat
Jus truth,Jus,35,119,Sehat
Jus maybe,Soda,5,80,Tidak Sehat
Soda tree,Teh,8,40,Tidak Sehat
Teh large,Kopi,22,168,Sehat
Soda shake,Soda,40,104,Sehat
Jus life,Air Mineral,34,4,Tidak Sehat
Jus if,Jus,38,186,Sehat
Air Mineral her,Kopi,7,34,Tidak Sehat
Kopi nor,Teh,7,129,Tidak Sehat
Teh act,Teh,30,205,Tidak Sehat
Soda strategy,Soda,5,147,Tidak Sehat
Jus owner,Air Mineral,22,18,Tidak Sehat
Kopi course,Teh,0,203,Sehat
Soda about,Air Mineral,35,0,Sehat
Teh him,Kopi,14,19,Sehat
Kopi star,Air Mineral,7,129,Tidak Sehat
Soda according,Kopi,39,81,Tidak Sehat
Teh on,Air Mineral,24,155,Sehat
Jus seek,Air Mineral,2,238,Sehat
Air Mineral significant,Air Mineral,23,34,Sehat
Soda surface,Kopi,40,249,Tidak Sehat
Soda boy,Kopi,5,82,Tidak Sehat
Teh statement,Teh,5,151,Sehat
Air Mineral suddenly,Kopi,17,202,Tidak Sehat
Teh series,Air Mineral,38,135,Sehat
Kopi tough,Kopi,3,197,Tidak Sehat
Kopi rather,Teh,26,87,Tidak Sehat
Air Mineral avoid,Soda,19,146,Sehat
Jus research,Soda,4,84,Sehat
Kopi sign,Soda,21,77,Sehat
Teh during,Air Mineral,21,105,Tidak Sehat
Kopi describe,Jus,22,109,Tidak Sehat
Jus there,Air Mineral,23,232,Sehat
Teh end,Teh,31,218,Sehat
Teh simply,Kopi,32,94,Tidak Sehat
Kopi image,Kopi,9,243,Tidak Sehat
Kopi gas,Soda,32,26,Tidak Sehat
Air Mineral politics,Jus,7,164,Sehat
Teh true,Jus,26,250,Sehat
Air Mineral student,Soda,35,93,Sehat
Air Mineral since,Teh,33,245,Sehat
Kopi magazine,Jus,16,44,Tidak Sehat
Jus kitchen,Jus,0,164,Sehat
Jus expect,Soda,21,81,Tidak Sehat
Teh reveal,Air Mineral,31,60,Tidak Sehat
Air Mineral memory,Jus,23,203,Tidak Sehat
Air Mineral medical,Air Mineral,32,230,Sehat
Teh star,Teh,14,72,Sehat
Air Mineral although,Kopi,20,28,Sehat
Jus life,Kopi,36,183,Tidak Sehat
Teh image,Jus,25,202,Sehat
Soda possible,Soda,2,107,Sehat
Kopi film,Air Mineral,0,147,Tidak Sehat
Soda adult,Soda,9,218,Tidak Sehat
Air Mineral talk,Air Mineral,6,94,Tidak Sehat
Kopi east,Soda,27,62,Sehat
Kopi always,Air Mineral,23,49,Tidak Sehat
Jus loss,Soda,22,120,Tidak Sehat
Soda our,Kopi,18,222,Sehat
Teh law,Kopi,8,52,Tidak Sehat
Jus worry,Soda,26,205,Sehat
Air Mineral trade,Air Mineral,29,31,Sehat
Air Mineral product,Air Mineral,11,167,Sehat
Jus at,Teh,6,45,Tidak Sehat
Air Mineral mention,Air Mineral,5,110,Tidak Sehat
Kopi charge,Soda,37,198,Sehat
Jus two,Teh,25,180,Tidak Sehat
Air Mineral issue,Jus,36,235,Tidak Sehat
Teh message,Jus,24,101,Sehat
Teh work,Teh,12,5,Tidak Sehat
Soda talk,Teh,14,5,Tidak Sehat
Kopi mouth,Teh,38,87,Sehat
Kopi benefit,Kopi,34,141,Tidak Sehat
Kopi game,Jus,37,72,Tidak Sehat
Soda hair,Air Mineral,33,187,Tidak Sehat
Jus deal,Jus,16,74,Tidak Sehat
Soda author,Soda,22,232,Sehat
Jus interesting,Soda,34,22,Sehat
Jus grow,Air Mineral,26,156,Tidak Sehat
Air Mineral list,Jus,0,222,Sehat
Jus politics,Jus,0,115,Sehat
Air Mineral apply,Jus,32,23,Tidak Sehat
Kopi guy,Teh,40,243,Tidak Sehat
Soda truth,Jus,19,17,Sehat
Kopi itself,Kopi,19,69,Tidak Sehat
Teh consider,Air Mineral,38,91,Sehat
Soda figure,Jus,40,137,Tidak Sehat
Kopi tree,Jus,3,39,Sehat
Air Mineral degree,Jus,21,22,Sehat
Air Mineral girl,Teh,31,177,Tidak Sehat
Kopi now,Jus,18,199,Sehat
Kopi why,Teh,16,208,Sehat
Soda with,Teh,26,125,Tidak Sehat
Jus future,Jus,29,125,Sehat
Air Mineral window,Jus,33,65,Sehat
Jus fear,Kopi,6,101,Tidak Sehat
Kopi choose,Teh,1,200,Sehat
Air Mineral and,Jus,13,164,Sehat
Soda can,Jus,23,10,Sehat
Kopi return,Teh,8,137,Sehat
Teh black,Jus,8,122,Tidak Sehat
Soda wear,Teh,34,187,Sehat
Air Mineral least,Teh,34,122,Sehat
Soda movie,Jus,3,28,Sehat
Teh military,Air Mineral,13,129,Tidak Sehat
Soda event,Air Mineral,28,132,Tidak Sehat
Teh once,Soda,22,47,Tidak Sehat
Teh the,Teh,30,98,Tidak Sehat
Jus better,Air Mineral,2,8,Sehat
Jus maintain,Kopi,19,239,Sehat
Air Mineral full,Kopi,23,119,Sehat
Jus change,Soda,27,2,Sehat
Soda consumer,Jus,20,39,Tidak Sehat
Air Mineral price,Air Mineral,14,8,Tidak Sehat
Air Mineral style,Teh,28,57,Tidak Sehat
Air Mineral building,Jus,30,174,Tidak Sehat
Soda model,Teh,20,215,Tidak Sehat
Teh table,Teh,8,104,Tidak Sehat
Soda green,Soda,40,135,Sehat
Jus real,Jus,3,113,Sehat
Kopi ten,Air Mineral,19,150,Sehat
Jus support,Jus,2,0,Tidak Sehat
Jus food,Kopi,17,125,Sehat
Air Mineral commercial,Soda,20,163,Sehat
Kopi fast,Kopi,35,177,Sehat
Teh financial,Kopi,38,53,Tidak Sehat
Kopi throughout,Air Mineral,25,51,Sehat
Jus top,Jus,8,128,Tidak Sehat
Jus old,Jus,36,2,Sehat
Jus responsibility,Kopi,17,173,Sehat
Air Mineral artist,Soda,23,219,Sehat
Soda director,Air Mineral,8,59,Tidak Sehat
Jus but,Teh,1,145,Sehat
Teh ago,Jus,35,138,Sehat
Teh cold,Kopi,29,97,Sehat
Soda wear,Air Mineral,21,105,Tidak Sehat
Kopi where,Kopi,25,70,Tidak Sehat
Air Mineral ok,Kopi,4,21,Sehat
Air Mineral street,Kopi,34,164,Sehat
Teh point,Jus,23,162,Tidak Sehat
Soda wall,Kopi,33,17,Tidak Sehat
Teh need,Teh,18,177,Sehat
Air Mineral hundred,Air Mineral,5,65,Tidak Sehat
Jus billion,Soda,22,15,Sehat
Teh fish,Kopi,17,142,Tidak Sehat
Kopi old,Air Mineral,36,176,Sehat
Jus him,Kopi,14,93,Sehat
Air Mineral cover,Air Mineral,14,216,Sehat
Soda line,Air Mineral,12,243,Tidak Sehat
Air Mineral despite,Teh,12,32,Sehat
Soda what,Kopi,2,96,Tidak Sehat
Kopi Congress,Kopi,7,142,Sehat
